{
    "tol": 0.00036163377280820365,
    "reg_covar": 0.0027386641606977984,
    "max_iter": 451
}